"","loan_amnt","funded_amnt","term","int_rate","grade","sub_grade","home_ownership","annual_inc","loan_status","addr_state","prob","pre.status"
"1",18950,18950," 60 months",4.29116853062904,"D","D5","MORTGAGE",920,"Current","CA",0.446546424241408,"Will Charge off"
"2",12000,12000," 60 months",6.13166971859115,"F","F4","RENT",700,"Current","OR",0.262202262939398,"Will Charge off"
"3",3000,3000," 36 months",5.2614327438482,"E","E5","RENT",1282,"Current","CA",0.46427163504025,"Will Charge off"
"4",15000,15000," 36 months",6.13166971859115,"F","F4","MORTGAGE",7002,"Current","OH",0.406112804597866,"Will Charge off"
"5",20000,20000," 36 months",5.93961742071684,"F","F2","RENT",1976,"Current","NY",0.385444510349813,"Will Charge off"
"6",10000,10000," 60 months",5.16540659491104,"E","E4","MORTGAGE",6634,"Current","MI",0.394155553241528,"Will Charge off"
"7",35000,35000," 60 months",6.16968006921211,"G","G2","MORTGAGE",8351,"Current","SC",0.292247722812259,"Will Charge off"
"8",12000,12000," 60 months",3.41893101111657,"D","D1","RENT",7587,"Current","FL",0.493753571428183,"Will Charge off"
"9",24000,24000," 36 months",6.13166971859115,"F","F4","MORTGAGE",6170,"Current","CO",0.406112804597866,"Will Charge off"
"10",35000,35000," 60 months",4.97135375226721,"E","E3","RENT",2823,"Current","CA",0.373902942666964,"Will Charge off"
"11",6800,6800," 36 months",4.97135375226721,"E","E3","RENT",1927,"Current","PA",0.493647157295125,"Will Charge off"
"12",16000,16000," 60 months",5.2614327438482,"E","E5","MORTGAGE",8434,"Current","FL",0.384887241118709,"Will Charge off"
"13",35000,35000," 60 months",3.80703669640423,"D","D3","OWN",1928,"Current","TX",0.480400699420148,"Will Charge off"
"14",16000,16000," 60 months",6.15167516628639,"F","F5","MORTGAGE",6170,"Current","VA",0.293535334169903,"Will Charge off"
"15",13000,13000," 60 months",4.29116853062904,"D","D5","RENT",3351,"Current","CA",0.406360103380341,"Will Charge off"
"16",32000,32000," 60 months",4.29116853062904,"D","D5","RENT",6634,"Current","NC",0.406360103380341,"Will Charge off"
"17",25000,25000," 60 months",3.80703669640423,"D","D3","MORTGAGE",8434,"Current","VA",0.495469463168495,"Will Charge off"
"18",25350,25350," 60 months",3.80703669640423,"D","D3","MORTGAGE",1983,"Current","TX",0.495469463168495,"Will Charge off"
"19",28000,28000," 60 months",3.41893101111657,"D","D1","RENT",7095,"Current","GA",0.493753571428183,"Will Charge off"
"20",13200,13200," 60 months",3.80703669640423,"D","D3","MORTGAGE",4506,"Current","ID",0.495469463168495,"Will Charge off"
"21",20000,20000," 60 months",3.6129838537604,"D","D2","RENT",5654,"Current","CO",0.474084702386429,"Will Charge off"
"22",12000,12000," 60 months",4.29116853062904,"D","D5","RENT",6634,"Current","PA",0.406360103380341,"Will Charge off"
"23",26025,26025," 36 months",6.035643569654,"F","F3","OWN",6346,"Current","AK",0.400977073540213,"Will Charge off"
"24",11200,11200," 60 months",4.29116853062904,"D","D5","MORTGAGE",5323,"Current","FL",0.446546424241408,"Will Charge off"
"25",12000,12000," 60 months",5.2614327438482,"E","E5","OWN",3474,"Current","CA",0.370710507873947,"Will Charge off"
"26",35000,35000," 36 months",5.93961742071684,"F","F2","MORTGAGE",7885,"Current","MD",0.425043392105727,"Will Charge off"
"27",22250,22250," 60 months",5.2614327438482,"E","E5","RENT",5430,"Current","FL",0.346773101083492,"Will Charge off"
"28",14950,14950," 36 months",5.16540659491104,"E","E4","RENT",3258,"Current","MT",0.473978558448041,"Will Charge off"
"29",21000,21000," 60 months",5.2614327438482,"E","E5","MORTGAGE",1283,"Current","MS",0.384887241118709,"Will Charge off"
"30",25000,25000," 60 months",4.29116853062904,"D","D5","OWN",669,"Current","OK",0.431692465863525,"Will Charge off"
"31",32475,32475," 60 months",3.80703669640423,"D","D3","RENT",669,"Current","NY",0.454495927553143,"Will Charge off"
"32",28000,28000," 60 months",4.00108953904806,"D","D4","MORTGAGE",383,"Current","PA",0.475796482785034,"Will Charge off"
"33",20000,20000," 60 months",3.6129838537604,"D","D2","RENT",7617,"Current","SC",0.474084702386429,"Will Charge off"
"34",12000,12000," 60 months",3.80703669640423,"D","D3","MORTGAGE",8886,"Current","AZ",0.495469463168495,"Will Charge off"
"35",22750,22750," 36 months",5.16540659491104,"E","E4","RENT",2982,"Current","WA",0.473978558448041,"Will Charge off"
"36",18000,18000," 60 months",4.29116853062904,"D","D5","MORTGAGE",6,"Current","OK",0.446546424241408,"Will Charge off"
"37",18000,18000," 60 months",3.80703669640423,"D","D3","MORTGAGE",4364,"Current","SD",0.495469463168495,"Will Charge off"
"38",12425,12425," 36 months",5.16540659491104,"E","E4","RENT",5106,"Current","GA",0.473978558448041,"Will Charge off"
"39",15000,15000," 60 months",5.2614327438482,"E","E5","MORTGAGE",5970,"Current","CT",0.384887241118709,"Will Charge off"
"40",12000,12000," 60 months",4.00108953904806,"D","D4","RENT",4506,"Current","CO",0.435047000376303,"Will Charge off"
"41",35000,35000," 60 months",3.80703669640423,"D","D3","MORTGAGE",8552,"Current","IL",0.495469463168495,"Will Charge off"
"42",12500,12500," 60 months",3.6129838537604,"D","D2","RENT",8156,"Current","TX",0.474084702386429,"Will Charge off"
"43",17100,17100," 60 months",3.80703669640423,"D","D3","MORTGAGE",3669,"Current","FL",0.495469463168495,"Will Charge off"
"44",36000,36000," 60 months",6.035643569654,"F","F3","OWN",8552,"Current","TX",0.290802020458232,"Will Charge off"
"45",20000,20000," 60 months",4.97135375226721,"E","E3","MORTGAGE",4793,"Current","FL",0.413113159368392,"Will Charge off"
"46",33000,33000," 60 months",4.00108953904806,"D","D4","RENT",7414,"Current","CT",0.435047000376303,"Will Charge off"
"47",26875,26875," 36 months",5.93961742071684,"F","F2","MORTGAGE",358,"Current","NY",0.425043392105727,"Will Charge off"
"48",30000,30000," 60 months",4.00108953904806,"D","D4","RENT",1283,"Current","NJ",0.435047000376303,"Will Charge off"
"49",25000,25000," 60 months",4.29116853062904,"D","D5","OWN",7422,"Current","IL",0.431692465863525,"Will Charge off"
"50",8400,8400," 36 months",6.035643569654,"F","F3","RENT",6346,"Current","TX",0.376253822254303,"Will Charge off"
"51",20000,20000," 60 months",3.6129838537604,"D","D2","RENT",8147,"Current","CA",0.474084702386429,"Will Charge off"
"52",18000,18000," 60 months",3.80703669640423,"D","D3","MORTGAGE",1199,"Current","OR",0.495469463168495,"Will Charge off"
"53",12000,12000," 60 months",3.80703669640423,"D","D3","MORTGAGE",5323,"Current","VA",0.495469463168495,"Will Charge off"
"54",18000,18000," 60 months",4.00108953904806,"D","D4","RENT",7885,"Current","CA",0.435047000376303,"Will Charge off"
"55",24000,24000," 60 months",5.2614327438482,"E","E5","MORTGAGE",1508,"Current","NJ",0.384887241118709,"Will Charge off"
"56",28000,28000," 60 months",4.29116853062904,"D","D5","RENT",4914,"Current","AZ",0.406360103380341,"Will Charge off"
"57",14000,14000," 60 months",4.29116853062904,"D","D5","MORTGAGE",3572,"Current","MD",0.446546424241408,"Will Charge off"
"58",21000,21000," 60 months",4.00108953904806,"D","D4","RENT",7924,"Current","FL",0.435047000376303,"Will Charge off"
"59",12550,12550," 60 months",5.2614327438482,"E","E5","MORTGAGE",5654,"Current","SC",0.384887241118709,"Will Charge off"
"60",19375,19375," 60 months",6.15967734536449,"G","G1","RENT",5225,"Current","CA",0.260218955240479,"Will Charge off"
"61",28000,28000," 60 months",5.2614327438482,"E","E5","MORTGAGE",781,"Current","IN",0.384887241118709,"Will Charge off"
"62",21850,21850," 60 months",5.2614327438482,"E","E5","MORTGAGE",3892,"Current","SC",0.384887241118709,"Will Charge off"
"63",12000,12000," 60 months",5.2614327438482,"E","E5","RENT",802,"Current","NY",0.346773101083492,"Will Charge off"
"64",24000,24000," 60 months",3.80703669640423,"D","D3","RENT",5271,"Current","SC",0.454495927553143,"Will Charge off"
"65",16000,16000," 60 months",4.00108953904806,"D","D4","MORTGAGE",6,"Current","ID",0.475796482785034,"Will Charge off"
"66",35000,35000," 60 months",6.16968006921211,"G","G2","MORTGAGE",7349,"Current","DE",0.292247722812259,"Will Charge off"
"67",10000,10000," 60 months",4.29116853062904,"D","D5","RENT",2879,"Current","TX",0.406360103380341,"Will Charge off"
"68",15000,15000," 60 months",6.15167516628639,"F","F5","RENT",7510,"Current","CA",0.260634404069665,"Will Charge off"
"69",30000,30000," 60 months",3.80703669640423,"D","D3","MORTGAGE",1331,"Current","VA",0.495469463168495,"Will Charge off"
"70",13500,13500," 60 months",3.41893101111657,"D","D1","RENT",5323,"Current","VA",0.493753571428183,"Will Charge off"
"71",6800,6800," 36 months",6.035643569654,"F","F3","MORTGAGE",2454,"Current","CA",0.415546944688062,"Will Charge off"
"72",12000,12000," 60 months",4.29116853062904,"D","D5","MORTGAGE",2970,"Current","NJ",0.446546424241408,"Will Charge off"
"73",12000,12000," 60 months",3.80703669640423,"D","D3","RENT",7095,"Current","MA",0.454495927553143,"Will Charge off"
"74",35000,35000," 60 months",3.6129838537604,"D","D2","RENT",6,"Current","NY",0.474084702386429,"Will Charge off"
"75",18600,18600," 36 months",4.97135375226721,"E","E3","RENT",2107,"Current","CA",0.493647157295125,"Will Charge off"
"76",12000,12000," 60 months",3.6129838537604,"D","D2","RENT",3449,"Current","NY",0.474084702386429,"Will Charge off"
"77",4650,4650," 36 months",6.13166971859115,"F","F4","RENT",2191,"Current","NJ",0.367151356796533,"Will Charge off"
"78",20000,20000," 60 months",5.2614327438482,"E","E5","MORTGAGE",669,"Current","CA",0.384887241118709,"Will Charge off"
"79",14000,14000," 60 months",5.16540659491104,"E","E4","RENT",8940,"Current","CA",0.355654274671002,"Will Charge off"
"80",12675,12675," 60 months",5.16540659491104,"E","E4","MORTGAGE",4268,"Current","NJ",0.394155553241528,"Will Charge off"
"81",17825,17825," 60 months",5.2614327438482,"E","E5","MORTGAGE",4913,"Current","WA",0.384887241118709,"Will Charge off"
"82",28000,28000," 60 months",4.97135375226721,"E","E3","MORTGAGE",5323,"Current","TX",0.413113159368392,"Will Charge off"
"83",31225,31225," 60 months",4.00108953904806,"D","D4","MORTGAGE",7177,"Current","CA",0.475796482785034,"Will Charge off"
"84",31200,31200," 60 months",3.80703669640423,"D","D3","OWN",7809,"Current","NY",0.480400699420148,"Will Charge off"
"85",21000,21000," 60 months",3.6129838537604,"D","D2","RENT",5106,"Current","PA",0.474084702386429,"Will Charge off"
"86",20000,20000," 60 months",3.41893101111657,"D","D1","RENT",669,"Current","CA",0.493753571428183,"Will Charge off"
"87",35000,35000," 60 months",4.00108953904806,"D","D4","MORTGAGE",7141,"Current","CO",0.475796482785034,"Will Charge off"
"88",25000,25000," 60 months",4.29116853062904,"D","D5","OWN",6170,"Current","IL",0.431692465863525,"Will Charge off"
"89",33600,33600," 60 months",5.16540659491104,"E","E4","MORTGAGE",5654,"Current","NY",0.394155553241528,"Will Charge off"
"90",18000,18000," 60 months",3.80703669640423,"D","D3","RENT",8552,"Current","NJ",0.454495927553143,"Will Charge off"
"91",7625,7625," 36 months",6.15167516628639,"F","F5","RENT",2822,"Current","CT",0.365266632799214,"Will Charge off"
"92",10000,10000," 60 months",3.80703669640423,"D","D3","RENT",3892,"Current","MI",0.454495927553143,"Will Charge off"
"93",16000,16000," 60 months",5.16540659491104,"E","E4","MORTGAGE",2310,"Current","IL",0.394155553241528,"Will Charge off"
"94",17350,17350," 60 months",4.00108953904806,"D","D4","RENT",4618,"Current","FL",0.435047000376303,"Will Charge off"
"95",14400,14400," 36 months",5.93961742071684,"F","F2","OWN",8940,"Current","TX",0.41037434810542,"Will Charge off"
"96",18100,18100," 60 months",3.80703669640423,"D","D3","MORTGAGE",5412,"Current","NC",0.495469463168495,"Will Charge off"
"97",40000,40000," 60 months",4.00108953904806,"D","D4","MORTGAGE",669,"Current","MD",0.475796482785034,"Will Charge off"
"98",24000,24000," 36 months",5.16540659491104,"E","E4","RENT",6634,"Current","NY",0.473978558448041,"Will Charge off"
"99",12000,12000," 60 months",3.80703669640423,"D","D3","MORTGAGE",4913,"Current","KY",0.495469463168495,"Will Charge off"
"100",11000,11000," 60 months",4.00108953904806,"D","D4","RENT",4506,"Current","NJ",0.435047000376303,"Will Charge off"
"101",10400,10400," 60 months",3.80703669640423,"D","D3","MORTGAGE",7495,"Current","AL",0.495469463168495,"Will Charge off"
"102",29375,29375," 60 months",4.29116853062904,"D","D5","MORTGAGE",7256,"Current","CA",0.446546424241408,"Will Charge off"
"103",35000,35000," 60 months",3.80703669640423,"D","D3","MORTGAGE",7944,"Current","TX",0.495469463168495,"Will Charge off"
"104",35000,35000," 60 months",4.97135375226721,"E","E3","RENT",6,"Current","TX",0.373902942666964,"Will Charge off"
"105",30000,30000," 60 months",3.80703669640423,"D","D3","RENT",6170,"Current","PA",0.454495927553143,"Will Charge off"
"106",15000,15000," 60 months",4.29116853062904,"D","D5","MORTGAGE",4268,"Current","MO",0.446546424241408,"Will Charge off"
"107",14800,14800," 60 months",3.6129838537604,"D","D2","RENT",7256,"Current","OH",0.474084702386429,"Will Charge off"
"108",25000,25000," 60 months",3.80703669640423,"D","D3","MORTGAGE",6454,"Current","TX",0.495469463168495,"Will Charge off"
"109",16000,16000," 60 months",6.15167516628639,"F","F5","MORTGAGE",7820,"Current","GA",0.293535334169903,"Will Charge off"
"110",11000,11000," 60 months",3.6129838537604,"D","D2","RENT",6346,"Current","OH",0.474084702386429,"Will Charge off"
"111",30000,30000," 60 months",4.00108953904806,"D","D4","MORTGAGE",8729,"Current","TX",0.475796482785034,"Will Charge off"
"112",20000,20000," 60 months",4.00108953904806,"D","D4","RENT",7510,"Current","MD",0.435047000376303,"Will Charge off"
"113",35000,35000," 60 months",5.2614327438482,"E","E5","MORTGAGE",383,"Current","CA",0.384887241118709,"Will Charge off"
"114",29500,29500," 60 months",5.2614327438482,"E","E5","RENT",8226,"Current","CA",0.346773101083492,"Will Charge off"
"115",35000,35000," 60 months",3.80703669640423,"D","D3","MORTGAGE",5106,"Current","MN",0.495469463168495,"Will Charge off"
"116",24900,24900," 36 months",6.15167516628639,"F","F5","OWN",8226,"Current","KY",0.389719008627706,"Will Charge off"
"117",12000,12000," 60 months",6.15167516628639,"F","F5","OWN",5323,"Current","NY",0.281185260924273,"Will Charge off"
"118",10000,10000," 60 months",4.97135375226721,"E","E3","RENT",5654,"Current","WA",0.373902942666964,"Will Charge off"
"119",4000,4000," 36 months",5.16540659491104,"E","E4","RENT",2822,"Current","OH",0.473978558448041,"Will Charge off"
"120",13200,13200," 36 months",5.16540659491104,"E","E4","RENT",2826,"Current","TX",0.473978558448041,"Will Charge off"
"121",35000,35000," 60 months",5.2614327438482,"E","E5","MORTGAGE",920,"Current","MD",0.384887241118709,"Will Charge off"
"122",20000,20000," 60 months",5.16540659491104,"E","E4","MORTGAGE",8552,"Current","TN",0.394155553241528,"Will Charge off"
"123",20000,20000," 60 months",4.97135375226721,"E","E3","MORTGAGE",7510,"Current","CA",0.413113159368392,"Will Charge off"
"124",12100,12100," 60 months",5.93961742071684,"F","F2","RENT",8552,"Current","NY",0.277559769101882,"Will Charge off"
"125",4000,4000," 36 months",5.16540659491104,"E","E4","RENT",1927,"Current","LA",0.473978558448041,"Will Charge off"
"126",10000,10000," 60 months",4.00108953904806,"D","D4","OWN",383,"Current","NY",0.460779602715546,"Will Charge off"
"127",12000,12000," 60 months",4.97135375226721,"E","E3","MORTGAGE",5106,"Current","TX",0.413113159368392,"Will Charge off"
"128",40000,40000," 60 months",3.80703669640423,"D","D3","MORTGAGE",920,"Current","CO",0.495469463168495,"Will Charge off"
"129",3500,3500," 36 months",5.93961742071684,"F","F2","RENT",3998,"Current","CA",0.385444510349813,"Will Charge off"
"130",25000,25000," 60 months",5.2614327438482,"E","E5","MORTGAGE",4854,"Current","AR",0.384887241118709,"Will Charge off"
"131",25000,25000," 60 months",4.29116853062904,"D","D5","OWN",5106,"Current","FL",0.431692465863525,"Will Charge off"
"132",11200,11200," 60 months",3.80703669640423,"D","D3","MORTGAGE",8128,"Current","WA",0.495469463168495,"Will Charge off"
"133",5700,5700," 36 months",5.16540659491104,"E","E4","RENT",7510,"Current","SC",0.473978558448041,"Will Charge off"
"134",21000,21000," 60 months",4.29116853062904,"D","D5","MORTGAGE",383,"Current","CA",0.446546424241408,"Will Charge off"
"135",14000,14000," 60 months",6.13166971859115,"F","F4","MORTGAGE",1791,"Current","NY",0.295222083630292,"Will Charge off"
"136",12000,12000," 60 months",3.80703669640423,"D","D3","MORTGAGE",5970,"Current","FL",0.495469463168495,"Will Charge off"
"137",32000,32000," 60 months",4.97135375226721,"E","E3","RENT",802,"Current","MN",0.373902942666964,"Will Charge off"
"138",10800,10800," 60 months",3.80703669640423,"D","D3","OWN",6346,"Current","SC",0.480400699420148,"Will Charge off"
"139",24000,24000," 60 months",6.15167516628639,"F","F5","RENT",6634,"Current","CA",0.260634404069665,"Will Charge off"
"140",14000,14000," 60 months",5.2614327438482,"E","E5","MORTGAGE",5225,"Current","VA",0.384887241118709,"Will Charge off"
"141",11450,11450," 36 months",5.16540659491104,"E","E4","RENT",4389,"Current","NY",0.473978558448041,"Will Charge off"
"142",2950,2950," 36 months",6.18968551690735,"G","G4","RENT",4389,"Current","WA",0.361948995286979,"Will Charge off"
"143",25300,25300," 60 months",3.80703669640423,"D","D3","MORTGAGE",5654,"Current","FL",0.495469463168495,"Will Charge off"
"144",25000,25000," 60 months",3.80703669640423,"D","D3","OWN",6170,"Current","NY",0.480400699420148,"Will Charge off"
"145",6000,6000," 36 months",6.035643569654,"F","F3","RENT",2822,"Current","PA",0.376253822254303,"Will Charge off"
"146",22000,22000," 60 months",5.2614327438482,"E","E5","RENT",6483,"Current","NV",0.346773101083492,"Will Charge off"
"147",35000,35000," 60 months",3.80703669640423,"D","D3","MORTGAGE",217,"Current","AZ",0.495469463168495,"Will Charge off"
"148",12600,12600," 60 months",4.29116853062904,"D","D5","MORTGAGE",3351,"Current","SC",0.446546424241408,"Will Charge off"
"149",1850,1850," 36 months",5.2614327438482,"E","E5","RENT",5640,"Current","OH",0.46427163504025,"Will Charge off"
"150",12000,12000," 36 months",5.2614327438482,"E","E5","OWN",3669,"Current","GA",0.490232861458126,"Will Charge off"
"151",14400,14400," 60 months",3.41893101111657,"D","D1","RENT",1372,"Current","NV",0.493753571428183,"Will Charge off"
"152",18000,18000," 60 months",5.2614327438482,"E","E5","OWN",6634,"Current","CA",0.370710507873947,"Will Charge off"
"153",12500,12500," 36 months",6.15167516628639,"F","F5","MORTGAGE",6043,"Current","NH",0.404155805214471,"Will Charge off"
"154",20000,20000," 60 months",5.2614327438482,"E","E5","MORTGAGE",306,"Current","CA",0.384887241118709,"Will Charge off"
"155",35000,35000," 60 months",4.00108953904806,"D","D4","OWN",8969,"Current","MI",0.460779602715546,"Will Charge off"
"156",9500,9500," 36 months",5.16540659491104,"E","E4","RENT",2725,"Current","TX",0.473978558448041,"Will Charge off"
"157",20000,20000," 60 months",6.19968824075497,"G","G5","RENT",7587,"Current","NY",0.257104743937602,"Will Charge off"
"158",3500,3500," 36 months",4.97135375226721,"E","E3","RENT",1658,"Current","CA",0.493647157295125,"Will Charge off"
"159",16475,16475," 60 months",6.13166971859115,"F","F4","MORTGAGE",6,"Current","CA",0.295222083630292,"Will Charge off"
"160",5500,5500," 36 months",5.2614327438482,"E","E5","RENT",2449,"Current","OH",0.46427163504025,"Will Charge off"
"161",7050,7050," 36 months",5.16540659491104,"E","E4","RENT",2449,"Current","AZ",0.473978558448041,"Will Charge off"
"162",35000,35000," 60 months",6.15167516628639,"F","F5","MORTGAGE",8087,"Current","MD",0.293535334169903,"Will Charge off"
"163",13600,13600," 60 months",3.80703669640423,"D","D3","RENT",4290,"Current","CA",0.454495927553143,"Will Charge off"
"164",10000,10000," 60 months",5.2614327438482,"E","E5","MORTGAGE",5106,"Current","GA",0.384887241118709,"Will Charge off"
"165",10000,10000," 60 months",6.18968551690735,"G","G4","MORTGAGE",3143,"Current","TX",0.290570960936911,"Will Charge off"
"166",4800,4800," 36 months",5.16540659491104,"E","E4","RENT",2344,"Current","OH",0.473978558448041,"Will Charge off"
"167",28000,28000," 60 months",3.6129838537604,"D","D2","RENT",1283,"Current","GA",0.474084702386429,"Will Charge off"
"168",20000,20000," 60 months",5.2614327438482,"E","E5","MORTGAGE",6170,"Current","TX",0.384887241118709,"Will Charge off"
"169",12000,12000," 60 months",3.80703669640423,"D","D3","RENT",6634,"Current","MD",0.454495927553143,"Will Charge off"
"170",25075,25075," 60 months",3.80703669640423,"D","D3","RENT",5866,"Current","CT",0.454495927553143,"Will Charge off"
"171",15000,15000," 60 months",4.29116853062904,"D","D5","MORTGAGE",4389,"Current","TX",0.446546424241408,"Will Charge off"
"172",2600,2600," 36 months",5.16540659491104,"E","E4","RENT",8552,"Current","MD",0.473978558448041,"Will Charge off"
"173",40000,40000," 60 months",3.80703669640423,"D","D3","OWN",920,"Current","NJ",0.480400699420148,"Will Charge off"
"174",30300,30300," 36 months",6.15967734536449,"G","G1","MORTGAGE",8087,"Current","FL",0.403636476314757,"Will Charge off"
"175",16000,16000," 60 months",3.80703669640423,"D","D3","MORTGAGE",5106,"Current","FL",0.495469463168495,"Will Charge off"
"176",35000,35000," 60 months",4.97135375226721,"E","E3","MORTGAGE",8479,"Current","CA",0.413113159368392,"Will Charge off"
"177",12675,12675," 36 months",5.74556457807301,"F","F1","MORTGAGE",468,"Current","TX",0.444396887493987,"Will Charge off"
"178",20000,20000," 60 months",3.80703669640423,"D","D3","MORTGAGE",802,"Current","NM",0.495469463168495,"Will Charge off"
"179",10800,10800," 60 months",6.13166971859115,"F","F4","RENT",4506,"Current","NY",0.262202262939398,"Will Charge off"
"180",12000,12000," 60 months",5.2614327438482,"E","E5","MORTGAGE",3887,"Current","CT",0.384887241118709,"Will Charge off"
"181",25200,25200," 36 months",4.97135375226721,"E","E3","RENT",7510,"Current","NJ",0.493647157295125,"Will Charge off"
"182",24000,24000," 60 months",6.18968551690735,"G","G4","MORTGAGE",7510,"Current","NJ",0.290570960936911,"Will Charge off"
"183",15000,15000," 60 months",4.29116853062904,"D","D5","RENT",6634,"Current","MA",0.406360103380341,"Will Charge off"
"184",15000,15000," 60 months",5.16540659491104,"E","E4","MORTGAGE",8226,"Current","WA",0.394155553241528,"Will Charge off"
"185",25000,25000," 60 months",4.00108953904806,"D","D4","OWN",383,"Current","NM",0.460779602715546,"Will Charge off"
"186",1200,1200," 36 months",5.16540659491104,"E","E4","OWN",8810,"Current","AZ",0.499976008722383,"Will Charge off"
"187",15000,15000," 60 months",5.2614327438482,"E","E5","MORTGAGE",4506,"Current","PA",0.384887241118709,"Will Charge off"
"188",15600,15600," 60 months",4.00108953904806,"D","D4","MORTGAGE",217,"Current","GA",0.475796482785034,"Will Charge off"
"189",35000,35000," 60 months",4.00108953904806,"D","D4","MORTGAGE",2067,"Current","PA",0.475796482785034,"Will Charge off"
"190",10000,10000," 60 months",3.80703669640423,"D","D3","RENT",4506,"Current","NJ",0.454495927553143,"Will Charge off"
"191",18000,18000," 60 months",5.2614327438482,"E","E5","MORTGAGE",5866,"Current","NH",0.384887241118709,"Will Charge off"
"192",16000,16000," 60 months",3.41893101111657,"D","D1","RENT",5106,"Current","CA",0.493753571428183,"Will Charge off"
"193",8625,8625," 36 months",5.2614327438482,"E","E5","RENT",2269,"Current","CA",0.46427163504025,"Will Charge off"
"194",34000,34000," 60 months",6.13166971859115,"F","F4","OWN",7422,"Current","OH",0.282829454332591,"Will Charge off"
"195",35000,35000," 60 months",4.29116853062904,"D","D5","RENT",2148,"Current","NC",0.406360103380341,"Will Charge off"
"196",6000,6000," 36 months",6.18968551690735,"G","G4","MORTGAGE",2359,"Current","IN",0.400707935207702,"Will Charge off"
"197",20000,20000," 60 months",5.2614327438482,"E","E5","MORTGAGE",4506,"Current","NC",0.384887241118709,"Will Charge off"
"198",18000,18000," 60 months",5.2614327438482,"E","E5","MORTGAGE",8359,"Current","MD",0.384887241118709,"Will Charge off"
"199",20400,20400," 60 months",3.80703669640423,"D","D3","MORTGAGE",360,"Current","AZ",0.495469463168495,"Will Charge off"
"200",15000,15000," 60 months",3.80703669640423,"D","D3","MORTGAGE",5758,"Current","IN",0.495469463168495,"Will Charge off"
"201",19200,19200," 60 months",3.80703669640423,"D","D3","MORTGAGE",669,"Current","MO",0.495469463168495,"Will Charge off"
"202",2950,2950," 36 months",6.15967734536449,"G","G1","RENT",2107,"Current","CO",0.364766683612436,"Will Charge off"
"203",32000,32000," 60 months",4.29116853062904,"D","D5","MORTGAGE",1854,"Current","CA",0.446546424241408,"Will Charge off"
"204",12400,12400," 60 months",4.29116853062904,"D","D5","RENT",3351,"Current","DE",0.406360103380341,"Will Charge off"
"205",40000,40000," 60 months",4.97135375226721,"E","E3","MORTGAGE",4509,"Current","NV",0.413113159368392,"Will Charge off"
"206",23925,23925," 60 months",6.15967734536449,"G","G1","MORTGAGE",6634,"Current","WI",0.293088230539203,"Will Charge off"
"207",12800,12800," 60 months",3.80703669640423,"D","D3","RENT",3023,"Current","GA",0.454495927553143,"Will Charge off"
"208",24675,24675," 60 months",5.2614327438482,"E","E5","MORTGAGE",7256,"Current","CT",0.384887241118709,"Will Charge off"
"209",28000,28000," 60 months",4.29116853062904,"D","D5","MORTGAGE",2148,"Current","NH",0.446546424241408,"Will Charge off"
"210",20000,20000," 60 months",3.80703669640423,"D","D3","RENT",6634,"Current","FL",0.454495927553143,"Will Charge off"
"211",5000,5000," 36 months",4.97135375226721,"E","E3","RENT",4836,"Current","VA",0.493647157295125,"Will Charge off"
"212",21000,21000," 60 months",5.2614327438482,"E","E5","MORTGAGE",1725,"Current","TX",0.384887241118709,"Will Charge off"
"213",28000,28000," 60 months",5.2614327438482,"E","E5","MORTGAGE",4619,"Current","NY",0.384887241118709,"Will Charge off"
"214",5000,5000," 36 months",5.93961742071684,"F","F2","RENT",6170,"Current","NY",0.385444510349813,"Will Charge off"
"215",40000,40000," 60 months",5.2614327438482,"E","E5","RENT",446,"Current","IL",0.346773101083492,"Will Charge off"
"216",14000,14000," 60 months",4.29116853062904,"D","D5","RENT",6170,"Current","VA",0.406360103380341,"Will Charge off"
"217",32000,32000," 60 months",3.41893101111657,"D","D1","RENT",8834,"Current","NC",0.493753571428183,"Will Charge off"
"218",16000,16000," 36 months",5.93961742071684,"F","F2","RENT",7095,"Current","NY",0.385444510349813,"Will Charge off"
"219",5600,5600," 36 months",5.2614327438482,"E","E5","RENT",2449,"Current","FL",0.46427163504025,"Will Charge off"
"220",40000,40000," 60 months",5.16540659491104,"E","E4","MORTGAGE",383,"Current","AR",0.394155553241528,"Will Charge off"
"221",32000,32000," 60 months",5.2614327438482,"E","E5","RENT",920,"Current","CA",0.346773101083492,"Will Charge off"
"222",40000,40000," 60 months",3.80703669640423,"D","D3","MORTGAGE",383,"Current","AZ",0.495469463168495,"Will Charge off"
"223",12000,12000," 60 months",5.2614327438482,"E","E5","MORTGAGE",4829,"Current","TX",0.384887241118709,"Will Charge off"
"224",16000,16000," 60 months",6.035643569654,"F","F3","MORTGAGE",6906,"Current","FL",0.303396197560411,"Will Charge off"
"225",17175,17175," 60 months",4.00108953904806,"D","D4","RENT",920,"Current","NJ",0.435047000376303,"Will Charge off"
"226",24675,24675," 60 months",5.2614327438482,"E","E5","MORTGAGE",2024,"Current","NY",0.384887241118709,"Will Charge off"
"227",20000,20000," 60 months",4.97135375226721,"E","E3","MORTGAGE",4854,"Current","CA",0.413113159368392,"Will Charge off"
"228",5600,5600," 36 months",6.15167516628639,"F","F5","RENT",3723,"Current","CT",0.365266632799214,"Will Charge off"
"229",14400,14400," 60 months",4.00108953904806,"D","D4","OWN",5323,"Current","NY",0.460779602715546,"Will Charge off"
"230",11775,11775," 36 months",5.93961742071684,"F","F2","RENT",1538,"Current","FL",0.385444510349813,"Will Charge off"
"231",16000,16000," 60 months",4.00108953904806,"D","D4","MORTGAGE",1283,"Current","TX",0.475796482785034,"Will Charge off"
"232",16000,16000," 60 months",3.41893101111657,"D","D1","RENT",6249,"Current","MO",0.493753571428183,"Will Charge off"
"233",21000,21000," 36 months",6.16968006921211,"G","G2","RENT",4120,"Current","GA",0.36382641301768,"Will Charge off"
"234",6450,6450," 36 months",6.18968551690735,"G","G4","RENT",3422,"Current","IN",0.361948995286979,"Will Charge off"
"235",24000,24000," 60 months",3.80703669640423,"D","D3","MORTGAGE",7177,"Current","CA",0.495469463168495,"Will Charge off"
"236",40000,40000," 60 months",4.00108953904806,"D","D4","MORTGAGE",3669,"Current","TX",0.475796482785034,"Will Charge off"
"237",21000,21000," 60 months",3.80703669640423,"D","D3","MORTGAGE",8998,"Current","RI",0.495469463168495,"Will Charge off"
"238",17300,17300," 36 months",6.17968279305973,"G","G3","OWN",8226,"Current","NE",0.387277457006,"Will Charge off"
"239",11525,11525," 60 months",3.6129838537604,"D","D2","RENT",7095,"Current","NY",0.474084702386429,"Will Charge off"
"240",24200,24200," 36 months",5.16540659491104,"E","E4","OWN",5654,"Current","FL",0.499976008722383,"Will Charge off"
"241",10000,10000," 60 months",4.00108953904806,"D","D4","MORTGAGE",5654,"Current","PA",0.475796482785034,"Will Charge off"
"242",10000,10000," 60 months",3.80703669640423,"D","D3","MORTGAGE",7510,"Current","FL",0.495469463168495,"Will Charge off"
"243",10000,10000," 60 months",3.80703669640423,"D","D3","RENT",3256,"Current","FL",0.454495927553143,"Will Charge off"
"244",30000,30000," 60 months",4.00108953904806,"D","D4","OWN",2358,"Current","NV",0.460779602715546,"Will Charge off"
"245",17000,17000," 60 months",3.6129838537604,"D","D2","RENT",5323,"Current","NY",0.474084702386429,"Will Charge off"
"246",17000,17000," 60 months",6.035643569654,"F","F3","RENT",5106,"Current","FL",0.269812129729538,"Will Charge off"
"247",4000,4000," 36 months",5.16540659491104,"E","E4","RENT",2531,"Current","FL",0.473978558448041,"Will Charge off"
"248",20000,20000," 60 months",6.17968279305973,"G","G3","MORTGAGE",6231,"Current","VA",0.291408631838301,"Will Charge off"
"249",35000,35000," 60 months",3.80703669640423,"D","D3","MORTGAGE",383,"Current","CT",0.495469463168495,"Will Charge off"
"250",17000,17000," 60 months",4.00108953904806,"D","D4","MORTGAGE",6,"Current","MN",0.475796482785034,"Will Charge off"
"251",24450,24450," 60 months",5.16540659491104,"E","E4","MORTGAGE",7885,"Current","NY",0.394155553241528,"Will Charge off"
"252",10000,10000," 60 months",5.2614327438482,"E","E5","RENT",7807,"Current","CA",0.346773101083492,"Will Charge off"
"253",11200,11200," 60 months",3.41893101111657,"D","D1","RENT",4618,"Current","IL",0.493753571428183,"Will Charge off"
"254",28000,28000," 60 months",4.29116853062904,"D","D5","RENT",7422,"Current","PA",0.406360103380341,"Will Charge off"
"255",30000,30000," 36 months",5.2614327438482,"E","E5","RENT",7510,"Current","IL",0.46427163504025,"Will Charge off"
"256",20100,20100," 60 months",3.41893101111657,"D","D1","RENT",2148,"Current","NY",0.493753571428183,"Will Charge off"
"257",16000,16000," 60 months",5.2614327438482,"E","E5","RENT",6,"Current","NV",0.346773101083492,"Will Charge off"
"258",24000,24000," 60 months",4.00108953904806,"D","D4","MORTGAGE",8008,"Current","MD",0.475796482785034,"Will Charge off"
"259",10000,10000," 60 months",5.2614327438482,"E","E5","MORTGAGE",5423,"Current","VA",0.384887241118709,"Will Charge off"
"260",15000,15000," 60 months",6.035643569654,"F","F3","MORTGAGE",5323,"Current","MI",0.303396197560411,"Will Charge off"
"261",2000,2000," 36 months",4.97135375226721,"E","E3","RENT",3449,"Current","OH",0.493647157295125,"Will Charge off"
"262",3075,3075," 36 months",5.93961742071684,"F","F2","MORTGAGE",5106,"Current","NY",0.425043392105727,"Will Charge off"
"263",12000,12000," 60 months",5.2614327438482,"E","E5","OWN",9066,"Current","FL",0.370710507873947,"Will Charge off"
"264",35000,35000," 60 months",4.00108953904806,"D","D4","MORTGAGE",1897,"Current","IN",0.475796482785034,"Will Charge off"
"265",20000,20000," 60 months",4.97135375226721,"E","E3","RENT",6811,"Current","NY",0.373902942666964,"Will Charge off"
"266",16875,16875," 60 months",4.00108953904806,"D","D4","OWN",8729,"Current","TX",0.460779602715546,"Will Charge off"
"267",10750,10750," 60 months",6.035643569654,"F","F3","MORTGAGE",3023,"Current","AZ",0.303396197560411,"Will Charge off"
"268",30000,30000," 60 months",3.80703669640423,"D","D3","MORTGAGE",7885,"Current","MT",0.495469463168495,"Will Charge off"
"269",18000,18000," 60 months",5.2614327438482,"E","E5","RENT",3669,"Current","TX",0.346773101083492,"Will Charge off"
"270",25000,25000," 60 months",5.2614327438482,"E","E5","MORTGAGE",8008,"Current","VA",0.384887241118709,"Will Charge off"
"271",30000,30000," 60 months",3.6129838537604,"D","D2","RENT",8226,"Current","CT",0.474084702386429,"Will Charge off"
"272",12000,12000," 60 months",3.80703669640423,"D","D3","RENT",3892,"Current","NY",0.454495927553143,"Will Charge off"
"273",16000,16000," 60 months",6.13166971859115,"F","F4","MORTGAGE",2270,"Current","IN",0.295222083630292,"Will Charge off"
"274",31200,31200," 60 months",4.00108953904806,"D","D4","MORTGAGE",7510,"Current","WA",0.475796482785034,"Will Charge off"
"275",10000,10000," 60 months",3.80703669640423,"D","D3","OWN",2822,"Current","OH",0.480400699420148,"Will Charge off"
"276",25000,25000," 60 months",4.00108953904806,"D","D4","RENT",8552,"Current","OH",0.435047000376303,"Will Charge off"
"277",25725,25725," 60 months",3.80703669640423,"D","D3","RENT",6020,"Current","DE",0.454495927553143,"Will Charge off"
"278",14400,14400," 60 months",4.29116853062904,"D","D5","MORTGAGE",8087,"Current","NV",0.446546424241408,"Will Charge off"
"279",13600,13600," 36 months",4.97135375226721,"E","E3","RENT",3258,"Current","FL",0.493647157295125,"Will Charge off"
"280",10000,10000," 36 months",6.19968824075497,"G","G5","OWN",669,"Current","NY",0.385352328378418,"Will Charge off"
"281",32000,32000," 60 months",5.2614327438482,"E","E5","MORTGAGE",669,"Current","WA",0.384887241118709,"Will Charge off"
"282",18500,18500," 60 months",5.2614327438482,"E","E5","OWN",8834,"Current","NY",0.370710507873947,"Will Charge off"
"283",18000,18000," 60 months",6.19968824075497,"G","G5","OWN",7510,"Current","IL",0.277481738809929,"Will Charge off"
"284",16000,16000," 60 months",3.80703669640423,"D","D3","MORTGAGE",4854,"Current","FL",0.495469463168495,"Will Charge off"
"285",12000,12000," 60 months",4.00108953904806,"D","D4","MORTGAGE",7959,"Current","MD",0.475796482785034,"Will Charge off"
"286",24000,24000," 60 months",3.80703669640423,"D","D3","RENT",6,"Current","CA",0.454495927553143,"Will Charge off"
"287",10000,10000," 36 months",5.16540659491104,"E","E4","RENT",5106,"Current","CO",0.473978558448041,"Will Charge off"
"288",10000,10000," 60 months",5.2614327438482,"E","E5","MORTGAGE",6,"Current","NY",0.384887241118709,"Will Charge off"
"289",7325,7325," 36 months",5.93961742071684,"F","F2","RENT",2927,"Current","OH",0.385444510349813,"Will Charge off"
"290",6000,6000," 36 months",5.16540659491104,"E","E4","OWN",5105,"Current","AR",0.499976008722383,"Will Charge off"
"291",40000,40000," 60 months",3.80703669640423,"D","D3","OWN",525,"Current","LA",0.480400699420148,"Will Charge off"
"292",15200,15200," 60 months",5.93961742071684,"F","F2","MORTGAGE",3892,"Current","KY",0.311696541527985,"Will Charge off"
"293",15000,15000," 60 months",5.74556457807301,"F","F1","RENT",4268,"Current","VA",0.293627399640833,"Will Charge off"
"294",16000,16000," 60 months",5.2614327438482,"E","E5","RENT",1725,"Current","CA",0.346773101083492,"Will Charge off"
"295",24000,24000," 60 months",4.29116853062904,"D","D5","MORTGAGE",669,"Current","VA",0.446546424241408,"Will Charge off"
"296",12000,12000," 60 months",5.2614327438482,"E","E5","MORTGAGE",5654,"Current","CT",0.384887241118709,"Will Charge off"
"297",35000,35000," 60 months",3.80703669640423,"D","D3","RENT",499,"Current","TX",0.454495927553143,"Will Charge off"
"298",21325,21325," 60 months",5.2614327438482,"E","E5","RENT",4913,"Current","MA",0.346773101083492,"Will Charge off"
"299",25700,25700," 60 months",6.15167516628639,"F","F5","MORTGAGE",7510,"Current","NV",0.293535334169903,"Will Charge off"
"300",12000,12000," 60 months",4.00108953904806,"D","D4","RENT",4793,"Current","AR",0.435047000376303,"Will Charge off"
"301",10075,10075," 60 months",5.16540659491104,"E","E4","MORTGAGE",2623,"Current","VA",0.394155553241528,"Will Charge off"
"302",19200,19200," 60 months",3.80703669640423,"D","D3","OWN",4506,"Current","GA",0.480400699420148,"Will Charge off"
"303",16000,16000," 60 months",3.6129838537604,"D","D2","RENT",5654,"Current","FL",0.474084702386429,"Will Charge off"
"304",17600,17600," 60 months",3.6129838537604,"D","D2","RENT",7095,"Current","NY",0.474084702386429,"Will Charge off"
"305",40000,40000," 60 months",3.80703669640423,"D","D3","OWN",1349,"Current","MD",0.480400699420148,"Will Charge off"
"306",30000,30000," 60 months",3.6129838537604,"D","D2","RENT",920,"Current","GA",0.474084702386429,"Will Charge off"
"307",14400,14400," 60 months",3.80703669640423,"D","D3","MORTGAGE",4120,"Current","TX",0.495469463168495,"Will Charge off"
"308",11200,11200," 60 months",4.00108953904806,"D","D4","MORTGAGE",6082,"Current","CT",0.475796482785034,"Will Charge off"
"309",17500,17500," 60 months",4.00108953904806,"D","D4","MORTGAGE",4120,"Current","FL",0.475796482785034,"Will Charge off"
"310",20000,20000," 60 months",4.97135375226721,"E","E3","RENT",920,"Current","FL",0.373902942666964,"Will Charge off"
"311",7000,7000," 36 months",5.16540659491104,"E","E4","RENT",2449,"Current","CA",0.473978558448041,"Will Charge off"
"312",21725,21725," 60 months",3.80703669640423,"D","D3","MORTGAGE",5020,"Current","NV",0.495469463168495,"Will Charge off"
"313",22400,22400," 60 months",6.15167516628639,"F","F5","MORTGAGE",8729,"Current","MA",0.293535334169903,"Will Charge off"
"314",15000,15000," 60 months",3.80703669640423,"D","D3","RENT",7587,"Current","FL",0.454495927553143,"Will Charge off"
"315",12000,12000," 60 months",3.41893101111657,"D","D1","RENT",5654,"Current","LA",0.493753571428183,"Will Charge off"
"316",22400,22400," 36 months",6.13166971859115,"F","F4","MORTGAGE",8226,"Current","NY",0.406112804597866,"Will Charge off"
"317",10000,10000," 60 months",4.29116853062904,"D","D5","RENT",5323,"Current","MD",0.406360103380341,"Will Charge off"
"318",26000,26000," 36 months",6.15967734536449,"G","G1","MORTGAGE",6249,"Current","FL",0.403636476314757,"Will Charge off"
"319",28300,28300," 60 months",4.77730090962338,"E","E2","MORTGAGE",123,"Current","OH",0.432331902902394,"Will Charge off"
"320",6800,6800," 36 months",5.16540659491104,"E","E4","RENT",1927,"Current","CA",0.473978558448041,"Will Charge off"
"321",16800,16800," 60 months",5.93961742071684,"F","F2","RENT",5323,"Current","FL",0.277559769101882,"Will Charge off"
"322",15000,15000," 60 months",4.29116853062904,"D","D5","RENT",4268,"Current","WI",0.406360103380341,"Will Charge off"
"323",12000,12000," 60 months",4.97135375226721,"E","E3","RENT",3351,"Current","CA",0.373902942666964,"Will Charge off"
"324",8000,8000," 36 months",6.18968551690735,"G","G4","OWN",5106,"Current","NY",0.386314448390643,"Will Charge off"
"325",35000,35000," 36 months",5.93961742071684,"F","F2","MORTGAGE",8998,"Current","TX",0.425043392105727,"Will Charge off"
"326",25000,25000," 60 months",5.2614327438482,"E","E5","MORTGAGE",5736,"Current","NC",0.384887241118709,"Will Charge off"
"327",12000,12000," 60 months",5.2614327438482,"E","E5","RENT",8008,"Current","CT",0.346773101083492,"Will Charge off"
"328",10000,10000," 60 months",3.6129838537604,"D","D2","RENT",5866,"Current","CA",0.474084702386429,"Will Charge off"
"329",12000,12000," 60 months",6.13166971859115,"F","F4","MORTGAGE",7885,"Current","MI",0.295222083630292,"Will Charge off"
"330",16975,16975," 60 months",6.13166971859115,"F","F4","MORTGAGE",5033,"Current","LA",0.295222083630292,"Will Charge off"
"331",35000,35000," 36 months",6.13166971859115,"F","F4","RENT",669,"Current","TX",0.367151356796533,"Will Charge off"
"332",10000,10000," 60 months",3.80703669640423,"D","D3","MORTGAGE",8256,"Current","WI",0.495469463168495,"Will Charge off"
"333",12000,12000," 60 months",5.2614327438482,"E","E5","MORTGAGE",3351,"Current","IN",0.384887241118709,"Will Charge off"
"334",12075,12075," 60 months",6.13166971859115,"F","F4","RENT",5020,"Current","MN",0.262202262939398,"Will Charge off"
"335",10000,10000," 36 months",5.93961742071684,"F","F2","RENT",7884,"Current","CA",0.385444510349813,"Will Charge off"
"336",28000,28000," 36 months",6.035643569654,"F","F3","RENT",1595,"Current","VA",0.376253822254303,"Will Charge off"
"337",26600,26600," 60 months",4.00108953904806,"D","D4","MORTGAGE",3669,"Current","GA",0.475796482785034,"Will Charge off"
"338",21025,21025," 60 months",5.2614327438482,"E","E5","MORTGAGE",4129,"Current","CO",0.384887241118709,"Will Charge off"
"339",12000,12000," 60 months",4.00108953904806,"D","D4","MORTGAGE",7653,"Current","LA",0.475796482785034,"Will Charge off"
"340",10000,10000," 60 months",5.2614327438482,"E","E5","RENT",6634,"Current","NY",0.346773101083492,"Will Charge off"
"341",35000,35000," 60 months",6.035643569654,"F","F3","MORTGAGE",669,"Current","IL",0.303396197560411,"Will Charge off"
"342",35000,35000," 60 months",5.16540659491104,"E","E4","MORTGAGE",6,"Current","MN",0.394155553241528,"Will Charge off"
"343",11200,11200," 36 months",5.2614327438482,"E","E5","RENT",3892,"Current","FL",0.46427163504025,"Will Charge off"
"344",32000,32000," 60 months",3.41893101111657,"D","D1","RENT",6454,"Current","KS",0.493753571428183,"Will Charge off"
"345",15000,15000," 60 months",3.80703669640423,"D","D3","OWN",4242,"Current","NY",0.480400699420148,"Will Charge off"
"346",24000,24000," 60 months",5.2614327438482,"E","E5","MORTGAGE",5970,"Current","AL",0.384887241118709,"Will Charge off"
"347",15825,15825," 36 months",6.16968006921211,"G","G2","MORTGAGE",4389,"Current","NC",0.402659521657418,"Will Charge off"
"348",31675,31675," 60 months",5.93961742071684,"F","F2","RENT",7256,"Current","CA",0.277559769101882,"Will Charge off"
"349",15000,15000," 60 months",4.29116853062904,"D","D5","RENT",3892,"Current","FL",0.406360103380341,"Will Charge off"
"350",24000,24000," 60 months",4.29116853062904,"D","D5","RENT",579,"Current","NV",0.406360103380341,"Will Charge off"
"351",28000,28000," 36 months",4.97135375226721,"E","E3","RENT",802,"Current","NY",0.493647157295125,"Will Charge off"
"352",12000,12000," 60 months",5.2614327438482,"E","E5","RENT",5106,"Current","CT",0.346773101083492,"Will Charge off"
"353",10375,10375," 36 months",5.2614327438482,"E","E5","RENT",6634,"Current","PA",0.46427163504025,"Will Charge off"
"354",24000,24000," 60 months",4.97135375226721,"E","E3","MORTGAGE",4506,"Current","NC",0.413113159368392,"Will Charge off"
"355",21600,21600," 60 months",4.29116853062904,"D","D5","RENT",669,"Current","CA",0.406360103380341,"Will Charge off"
"356",16475,16475," 60 months",4.77730090962338,"E","E2","RENT",6346,"Current","MD",0.392517558899506,"Will Charge off"
"357",16000,16000," 60 months",5.2614327438482,"E","E5","MORTGAGE",6,"Current","NY",0.384887241118709,"Will Charge off"
"358",15000,15000," 36 months",6.17968279305973,"G","G3","MORTGAGE",6170,"Current","TX",0.401683338914379,"Will Charge off"
"359",28000,28000," 60 months",4.00108953904806,"D","D4","MORTGAGE",1114,"Current","WA",0.475796482785034,"Will Charge off"
"360",20700,20700," 60 months",5.16540659491104,"E","E4","RENT",4506,"Current","IL",0.355654274671002,"Will Charge off"
"361",35000,35000," 60 months",3.80703669640423,"D","D3","RENT",802,"Current","FL",0.454495927553143,"Will Charge off"
"362",12950,12950," 60 months",5.2614327438482,"E","E5","MORTGAGE",3449,"Current","CO",0.384887241118709,"Will Charge off"
"363",21000,21000," 60 months",3.80703669640423,"D","D3","RENT",6170,"Current","WA",0.454495927553143,"Will Charge off"
"364",14400,14400," 60 months",6.15167516628639,"F","F5","MORTGAGE",2960,"Current","TX",0.293535334169903,"Will Charge off"
"365",11125,11125," 60 months",4.97135375226721,"E","E3","RENT",2384,"Current","AR",0.373902942666964,"Will Charge off"
"366",14450,14450," 60 months",5.74556457807301,"F","F1","RENT",5106,"Current","ND",0.293627399640833,"Will Charge off"
"367",27000,27000," 60 months",6.035643569654,"F","F3","RENT",7256,"Current","FL",0.269812129729538,"Will Charge off"
"368",26000,26000," 36 months",6.035643569654,"F","F3","RENT",4618,"Current","MO",0.376253822254303,"Will Charge off"
"369",11400,11400," 36 months",5.2614327438482,"E","E5","RENT",383,"Current","NY",0.46427163504025,"Will Charge off"
"370",3600,3600," 36 months",5.16540659491104,"E","E4","OWN",7657,"Current","TX",0.499976008722383,"Will Charge off"
"371",20125,20125," 60 months",5.93961742071684,"F","F2","MORTGAGE",5430,"Current","LA",0.311696541527985,"Will Charge off"
"372",25375,25375," 60 months",5.2614327438482,"E","E5","RENT",669,"Current","WA",0.346773101083492,"Will Charge off"
"373",19350,19350," 60 months",4.58324806697955,"E","E1","MORTGAGE",4268,"Current","MN",0.451756509969088,"Will Charge off"
"374",30550,30550," 60 months",6.18968551690735,"G","G4","RENT",1114,"Current","NJ",0.257881007138511,"Will Charge off"
"375",12000,12000," 60 months",4.97135375226721,"E","E3","RENT",579,"Current","NJ",0.373902942666964,"Will Charge off"
"376",18400,18400," 60 months",3.80703669640423,"D","D3","MORTGAGE",7687,"Current","IL",0.495469463168495,"Will Charge off"
"377",11000,11000," 60 months",3.6129838537604,"D","D2","RENT",383,"Current","CA",0.474084702386429,"Will Charge off"
"378",30000,30000," 60 months",3.80703669640423,"D","D3","RENT",256,"Current","TX",0.454495927553143,"Will Charge off"
"379",25000,25000," 60 months",4.00108953904806,"D","D4","MORTGAGE",329,"Current","VA",0.475796482785034,"Will Charge off"
"380",11200,11200," 60 months",4.29116853062904,"D","D5","RENT",3258,"Current","NV",0.406360103380341,"Will Charge off"
"381",35000,35000," 60 months",6.15967734536449,"G","G1","MORTGAGE",1283,"Current","OH",0.293088230539203,"Will Charge off"
"382",12000,12000," 60 months",3.41893101111657,"D","D1","RENT",7095,"Current","ME",0.493753571428183,"Will Charge off"
"383",8250,8250," 36 months",6.16968006921211,"G","G2","MORTGAGE",140,"Current","IL",0.402659521657418,"Will Charge off"
"384",22300,22300," 60 months",4.00108953904806,"D","D4","MORTGAGE",2823,"Current","GA",0.475796482785034,"Will Charge off"
"385",16000,16000," 60 months",4.29116853062904,"D","D5","RENT",3143,"Current","AZ",0.406360103380341,"Will Charge off"
"386",10000,10000," 60 months",3.6129838537604,"D","D2","RENT",7095,"Current","CA",0.474084702386429,"Will Charge off"
"387",40000,40000," 60 months",3.80703669640423,"D","D3","MORTGAGE",959,"Current","VA",0.495469463168495,"Will Charge off"
"388",28000,28000," 60 months",4.29116853062904,"D","D5","MORTGAGE",1372,"Current","MI",0.446546424241408,"Will Charge off"
"389",14400,14400," 60 months",5.2614327438482,"E","E5","RENT",6906,"Current","IL",0.346773101083492,"Will Charge off"
"390",15000,15000," 60 months",4.97135375226721,"E","E3","RENT",7095,"Current","OH",0.373902942666964,"Will Charge off"
"391",5450,5450," 36 months",5.93961742071684,"F","F2","RENT",1609,"Current","CA",0.385444510349813,"Will Charge off"
"392",21500,21500," 60 months",5.2614327438482,"E","E5","MORTGAGE",4268,"Current","VA",0.384887241118709,"Will Charge off"
"393",15000,15000," 60 months",4.00108953904806,"D","D4","MORTGAGE",6198,"Current","OH",0.475796482785034,"Will Charge off"
"394",35000,35000," 60 months",3.80703669640423,"D","D3","MORTGAGE",8552,"Current","NJ",0.495469463168495,"Will Charge off"
"395",20000,20000," 60 months",5.2614327438482,"E","E5","RENT",7728,"Current","VA",0.346773101083492,"Will Charge off"
"396",22400,22400," 60 months",4.29116853062904,"D","D5","MORTGAGE",669,"Current","AZ",0.446546424241408,"Will Charge off"
"397",12000,12000," 60 months",6.19968824075497,"G","G5","RENT",5654,"Current","AL",0.257104743937602,"Will Charge off"
"398",15000,15000," 60 months",3.41893101111657,"D","D1","RENT",4618,"Current","NJ",0.493753571428183,"Will Charge off"
"399",18750,18750," 60 months",4.77730090962338,"E","E2","MORTGAGE",6170,"Current","CT",0.432331902902394,"Will Charge off"
"400",25375,25375," 60 months",3.80703669640423,"D","D3","MORTGAGE",102,"Current","NY",0.495469463168495,"Will Charge off"
"401",7050,7050," 36 months",5.16540659491104,"E","E4","RENT",3892,"Current","CA",0.473978558448041,"Will Charge off"
"402",15000,15000," 60 months",5.2614327438482,"E","E5","OWN",2067,"Current","IL",0.370710507873947,"Will Charge off"
"403",17500,17500," 60 months",3.80703669640423,"D","D3","MORTGAGE",669,"Current","CA",0.495469463168495,"Will Charge off"
"404",17500,17500," 60 months",4.29116853062904,"D","D5","OWN",3351,"Current","NY",0.431692465863525,"Will Charge off"
"405",11275,11275," 60 months",4.29116853062904,"D","D5","RENT",2412,"Current","AL",0.406360103380341,"Will Charge off"
"406",11400,11400," 60 months",3.80703669640423,"D","D3","RENT",1164,"Current","IL",0.454495927553143,"Will Charge off"
"407",40000,40000," 60 months",3.80703669640423,"D","D3","RENT",8286,"Current","AZ",0.454495927553143,"Will Charge off"
"408",22000,22000," 60 months",4.29116853062904,"D","D5","OWN",1283,"Current","CO",0.431692465863525,"Will Charge off"
"409",20000,20000," 60 months",5.74556457807301,"F","F1","MORTGAGE",5496,"Current","RI",0.328840811550522,"Will Charge off"
"410",19200,19200," 60 months",5.2614327438482,"E","E5","RENT",8008,"Current","FL",0.346773101083492,"Will Charge off"
"411",22000,22000," 60 months",5.2614327438482,"E","E5","RENT",6634,"Current","RI",0.346773101083492,"Will Charge off"
"412",30000,30000," 60 months",3.41893101111657,"D","D1","RENT",7587,"Current","CA",0.493753571428183,"Will Charge off"
"413",4800,4800," 36 months",4.97135375226721,"E","E3","RENT",2822,"Current","OH",0.493647157295125,"Will Charge off"
"414",15000,15000," 60 months",4.00108953904806,"D","D4","MORTGAGE",802,"Current","CA",0.475796482785034,"Will Charge off"
"415",18000,18000," 60 months",3.80703669640423,"D","D3","OWN",4618,"Current","KS",0.480400699420148,"Will Charge off"
"416",10500,10500," 60 months",4.00108953904806,"D","D4","RENT",4268,"Current","IL",0.435047000376303,"Will Charge off"
"417",7925,7925," 36 months",5.2614327438482,"E","E5","RENT",669,"Current","CA",0.46427163504025,"Will Charge off"
"418",23000,23000," 36 months",6.13166971859115,"F","F4","RENT",7256,"Current","CA",0.367151356796533,"Will Charge off"
"419",24500,24500," 60 months",3.80703669640423,"D","D3","RENT",4983,"Current","NJ",0.454495927553143,"Will Charge off"
"420",12425,12425," 60 months",6.16968006921211,"G","G2","RENT",4506,"Current","PA",0.259438114721886,"Will Charge off"
"421",15000,15000," 60 months",3.80703669640423,"D","D3","MORTGAGE",6346,"Current","SC",0.495469463168495,"Will Charge off"
"422",24000,24000," 60 months",4.00108953904806,"D","D4","RENT",7510,"Current","NJ",0.435047000376303,"Will Charge off"
"423",24000,24000," 60 months",6.15167516628639,"F","F5","MORTGAGE",383,"Current","VA",0.293535334169903,"Will Charge off"
"424",24000,24000," 60 months",3.80703669640423,"D","D3","RENT",383,"Current","CO",0.454495927553143,"Will Charge off"
"425",15200,15200," 36 months",6.16968006921211,"G","G2","RENT",5106,"Current","CA",0.36382641301768,"Will Charge off"
"426",19800,19800," 60 months",6.15967734536449,"G","G1","OWN",5654,"Current","MI",0.280749492933103,"Will Charge off"
"427",15000,15000," 60 months",4.77730090962338,"E","E2","RENT",4120,"Current","FL",0.392517558899506,"Will Charge off"
"428",10300,10300," 60 months",5.2614327438482,"E","E5","RENT",4120,"Current","TX",0.346773101083492,"Will Charge off"
"429",26000,26000," 60 months",3.80703669640423,"D","D3","MORTGAGE",7422,"Current","MA",0.495469463168495,"Will Charge off"
"430",12000,12000," 60 months",6.035643569654,"F","F3","RENT",2822,"Current","AZ",0.269812129729538,"Will Charge off"
"431",15000,15000," 60 months",3.41893101111657,"D","D1","RENT",7095,"Current","NY",0.493753571428183,"Will Charge off"
"432",35000,35000," 60 months",4.58324806697955,"E","E1","MORTGAGE",7096,"Current","IL",0.451756509969088,"Will Charge off"
"433",13600,13600," 36 months",4.97135375226721,"E","E3","RENT",3449,"Current","NY",0.493647157295125,"Will Charge off"
"434",40000,40000," 60 months",3.80703669640423,"D","D3","MORTGAGE",383,"Current","IL",0.495469463168495,"Will Charge off"
"435",4175,4175," 36 months",5.2614327438482,"E","E5","RENT",2725,"Current","NY",0.46427163504025,"Will Charge off"
"436",14000,14000," 60 months",5.2614327438482,"E","E5","OWN",5859,"Current","NY",0.370710507873947,"Will Charge off"
"437",20000,20000," 60 months",4.29116853062904,"D","D5","RENT",7256,"Current","NC",0.406360103380341,"Will Charge off"
"438",7700,7700," 36 months",4.97135375226721,"E","E3","RENT",8147,"Current","GA",0.493647157295125,"Will Charge off"
"439",35000,35000," 60 months",6.035643569654,"F","F3","MORTGAGE",4618,"Current","NY",0.303396197560411,"Will Charge off"
"440",17325,17325," 60 months",4.77730090962338,"E","E2","RENT",5106,"Current","PA",0.392517558899506,"Will Charge off"
"441",28000,28000," 60 months",3.80703669640423,"D","D3","MORTGAGE",1521,"Current","CA",0.495469463168495,"Will Charge off"
"442",13000,13000," 60 months",3.80703669640423,"D","D3","RENT",5106,"Current","OH",0.454495927553143,"Will Charge off"
"443",5000,5000," 36 months",6.15167516628639,"F","F5","RENT",5381,"Current","TX",0.365266632799214,"Will Charge off"
"444",32000,32000," 60 months",3.80703669640423,"D","D3","MORTGAGE",1605,"Current","CT",0.495469463168495,"Will Charge off"
"445",7200,7200," 36 months",5.2614327438482,"E","E5","RENT",3449,"Current","TX",0.46427163504025,"Will Charge off"
"446",20000,20000," 60 months",5.2614327438482,"E","E5","RENT",5758,"Current","CA",0.346773101083492,"Will Charge off"
"447",3000,3000," 36 months",5.93961742071684,"F","F2","RENT",3351,"Current","IL",0.385444510349813,"Will Charge off"
"448",28000,28000," 60 months",3.80703669640423,"D","D3","OWN",5758,"Current","GA",0.480400699420148,"Will Charge off"
"449",16000,16000," 60 months",3.80703669640423,"D","D3","RENT",579,"Current","NJ",0.454495927553143,"Will Charge off"
"450",15000,15000," 60 months",5.16540659491104,"E","E4","MORTGAGE",2748,"Current","OH",0.394155553241528,"Will Charge off"
"451",25800,25800," 60 months",4.77730090962338,"E","E2","RENT",8555,"Current","IL",0.392517558899506,"Will Charge off"
"452",25000,25000," 60 months",3.80703669640423,"D","D3","MORTGAGE",8777,"Current","WI",0.495469463168495,"Will Charge off"
"453",10275,10275," 36 months",5.16540659491104,"E","E4","RENT",2685,"Current","MA",0.473978558448041,"Will Charge off"
"454",20000,20000," 60 months",4.97135375226721,"E","E3","OWN",7885,"Current","NC",0.398570428046203,"Will Charge off"
"455",12000,12000," 60 months",6.15967734536449,"G","G1","OWN",3258,"Current","TN",0.280749492933103,"Will Charge off"
"456",13475,13475," 60 months",4.97135375226721,"E","E3","RENT",3143,"Current","CA",0.373902942666964,"Will Charge off"
"457",20000,20000," 60 months",4.77730090962338,"E","E2","OWN",5106,"Current","WA",0.417594013683879,"Will Charge off"
"458",9600,9600," 36 months",6.19968824075497,"G","G5","MORTGAGE",4836,"Current","TN",0.399733317635255,"Will Charge off"
"459",30000,30000," 60 months",3.80703669640423,"D","D3","MORTGAGE",800,"Current","MO",0.495469463168495,"Will Charge off"
"460",19400,19400," 60 months",3.6129838537604,"D","D2","RENT",6135,"Current","CA",0.474084702386429,"Will Charge off"
"461",24200,24200," 60 months",5.2614327438482,"E","E5","RENT",5654,"Current","CA",0.346773101083492,"Will Charge off"
"462",32000,32000," 60 months",3.80703669640423,"D","D3","MORTGAGE",8226,"Current","IL",0.495469463168495,"Will Charge off"
"463",17000,17000," 60 months",4.29116853062904,"D","D5","MORTGAGE",5106,"Current","HI",0.446546424241408,"Will Charge off"
"464",30000,30000," 60 months",3.6129838537604,"D","D2","RENT",8226,"Current","MO",0.474084702386429,"Will Charge off"
"465",16650,16650," 60 months",6.15167516628639,"F","F5","MORTGAGE",7095,"Current","NC",0.293535334169903,"Will Charge off"
"466",30000,30000," 60 months",3.80703669640423,"D","D3","MORTGAGE",7510,"Current","PA",0.495469463168495,"Will Charge off"
"467",20000,20000," 60 months",5.2614327438482,"E","E5","RENT",6170,"Current","NY",0.346773101083492,"Will Charge off"
"468",16000,16000," 60 months",5.16540659491104,"E","E4","OWN",6634,"Current","CA",0.379848249521375,"Will Charge off"
"469",15125,15125," 60 months",5.93961742071684,"F","F2","RENT",4120,"Current","CA",0.277559769101882,"Will Charge off"
"470",23475,23475," 60 months",4.29116853062904,"D","D5","MORTGAGE",3084,"Current","NC",0.446546424241408,"Will Charge off"
"471",35000,35000," 60 months",4.29116853062904,"D","D5","MORTGAGE",1575,"Current","TX",0.446546424241408,"Will Charge off"
"472",10000,10000," 60 months",5.2614327438482,"E","E5","RENT",5106,"Current","FL",0.346773101083492,"Will Charge off"
"473",27200,27200," 60 months",6.035643569654,"F","F3","RENT",6170,"Current","NY",0.269812129729538,"Will Charge off"
"474",3000,3000," 36 months",5.16540659491104,"E","E4","OWN",4506,"Current","FL",0.499976008722383,"Will Charge off"
"475",15000,15000," 60 months",4.29116853062904,"D","D5","MORTGAGE",2358,"Current","FL",0.446546424241408,"Will Charge off"
"476",10500,10500," 60 months",5.2614327438482,"E","E5","RENT",5106,"Current","NY",0.346773101083492,"Will Charge off"
"477",20000,20000," 60 months",4.29116853062904,"D","D5","MORTGAGE",7256,"Current","GA",0.446546424241408,"Will Charge off"
"478",25000,25000," 60 months",5.16540659491104,"E","E4","OWN",4049,"Current","LA",0.379848249521375,"Will Charge off"
"479",18400,18400," 36 months",6.19968824075497,"G","G5","RENT",3892,"Current","MN",0.361011860134483,"Will Charge off"
"480",40000,40000," 60 months",5.16540659491104,"E","E4","MORTGAGE",6346,"Current","MO",0.394155553241528,"Will Charge off"
"481",31200,31200," 60 months",3.80703669640423,"D","D3","MORTGAGE",6634,"Current","CA",0.495469463168495,"Will Charge off"
"482",15900,15900," 60 months",3.80703669640423,"D","D3","MORTGAGE",7349,"Current","TX",0.495469463168495,"Will Charge off"
"483",14000,14000," 60 months",4.00108953904806,"D","D4","MORTGAGE",7510,"Current","OK",0.475796482785034,"Will Charge off"
"484",24000,24000," 60 months",3.80703669640423,"D","D3","MORTGAGE",5654,"Current","CA",0.495469463168495,"Will Charge off"
"485",20700,20700," 60 months",4.97135375226721,"E","E3","MORTGAGE",4506,"Current","FL",0.413113159368392,"Will Charge off"
"486",3000,3000," 36 months",4.97135375226721,"E","E3","RENT",4725,"Current","NH",0.493647157295125,"Will Charge off"
"487",30000,30000," 60 months",3.80703669640423,"D","D3","RENT",7728,"Current","NY",0.454495927553143,"Will Charge off"
"488",2300,2300," 36 months",5.16540659491104,"E","E4","RENT",669,"Current","TX",0.473978558448041,"Will Charge off"
"489",17675,17675," 60 months",6.13166971859115,"F","F4","OWN",5544,"Current","MD",0.282829454332591,"Will Charge off"
"490",28000,28000," 60 months",4.29116853062904,"D","D5","MORTGAGE",3892,"Current","MO",0.446546424241408,"Will Charge off"
"491",40000,40000," 36 months",5.93961742071684,"F","F2","MORTGAGE",7885,"Current","AZ",0.425043392105727,"Will Charge off"
"492",27375,27375," 36 months",6.13166971859115,"F","F4","MORTGAGE",1928,"Current","TX",0.406112804597866,"Will Charge off"
"493",15000,15000," 60 months",3.80703669640423,"D","D3","RENT",5544,"Current","CA",0.454495927553143,"Will Charge off"
"494",15000,15000," 60 months",3.80703669640423,"D","D3","MORTGAGE",6,"Current","NY",0.495469463168495,"Will Charge off"
"495",18000,18000," 60 months",5.2614327438482,"E","E5","RENT",6,"Current","CA",0.346773101083492,"Will Charge off"
"496",8500,8500," 36 months",6.15967734536449,"G","G1","MORTGAGE",2024,"Current","AL",0.403636476314757,"Will Charge off"
"497",16000,16000," 60 months",3.80703669640423,"D","D3","OWN",8008,"Current","NJ",0.480400699420148,"Will Charge off"
"498",35000,35000," 60 months",3.6129838537604,"D","D2","RENT",6,"Current","NY",0.474084702386429,"Will Charge off"
"499",16000,16000," 60 months",4.29116853062904,"D","D5","MORTGAGE",383,"Current","CA",0.446546424241408,"Will Charge off"
"500",10000,10000," 60 months",3.6129838537604,"D","D2","RENT",5106,"Current","IL",0.474084702386429,"Will Charge off"
"501",28425,28425," 60 months",5.16540659491104,"E","E4","MORTGAGE",217,"Current","NY",0.394155553241528,"Will Charge off"
"502",10000,10000," 60 months",4.00108953904806,"D","D4","RENT",2822,"Current","TX",0.435047000376303,"Will Charge off"
"503",20000,20000," 60 months",4.29116853062904,"D","D5","MORTGAGE",3971,"Current","CO",0.446546424241408,"Will Charge off"
"504",10000,10000," 60 months",3.41893101111657,"D","D1","RENT",8351,"Current","NV",0.493753571428183,"Will Charge off"
"505",15000,15000," 60 months",4.00108953904806,"D","D4","MORTGAGE",8940,"Current","MD",0.475796482785034,"Will Charge off"
"506",25000,25000," 60 months",3.80703669640423,"D","D3","RENT",8777,"Current","OR",0.454495927553143,"Will Charge off"
"507",24000,24000," 60 months",3.80703669640423,"D","D3","RENT",6170,"Current","NJ",0.454495927553143,"Will Charge off"
"508",20100,20100," 60 months",3.80703669640423,"D","D3","RENT",5106,"Current","NJ",0.454495927553143,"Will Charge off"
"509",30000,30000," 60 months",3.80703669640423,"D","D3","MORTGAGE",525,"Current","WA",0.495469463168495,"Will Charge off"
"510",25000,25000," 36 months",6.15167516628639,"F","F5","RENT",356,"Current","FL",0.365266632799214,"Will Charge off"
"511",24000,24000," 60 months",4.29116853062904,"D","D5","MORTGAGE",6346,"Current","TX",0.446546424241408,"Will Charge off"
"512",20125,20125," 36 months",6.15167516628639,"F","F5","MORTGAGE",5430,"Current","TN",0.404155805214471,"Will Charge off"
"513",20000,20000," 60 months",4.29116853062904,"D","D5","RENT",4120,"Current","AZ",0.406360103380341,"Will Charge off"
"514",35000,35000," 60 months",3.80703669640423,"D","D3","MORTGAGE",8959,"Current","WI",0.495469463168495,"Will Charge off"
"515",12000,12000," 60 months",6.035643569654,"F","F3","RENT",7476,"Current","CA",0.269812129729538,"Will Charge off"
"516",8125,8125," 36 months",6.19968824075497,"G","G5","RENT",2449,"Current","CA",0.361011860134483,"Will Charge off"
"517",20000,20000," 60 months",5.2614327438482,"E","E5","MORTGAGE",6249,"Current","NY",0.384887241118709,"Will Charge off"
"518",18000,18000," 36 months",6.17968279305973,"G","G3","MORTGAGE",6934,"Current","NY",0.401683338914379,"Will Charge off"
"519",22800,22800," 60 months",3.41893101111657,"D","D1","RENT",7510,"Current","NJ",0.493753571428183,"Will Charge off"
"520",21575,21575," 60 months",3.80703669640423,"D","D3","MORTGAGE",525,"Current","MN",0.495469463168495,"Will Charge off"
"521",35000,35000," 60 months",6.035643569654,"F","F3","RENT",8998,"Current","CA",0.269812129729538,"Will Charge off"
"522",16000,16000," 60 months",6.035643569654,"F","F3","RENT",4895,"Current","NY",0.269812129729538,"Will Charge off"
"523",25500,25500," 60 months",5.93961742071684,"F","F2","MORTGAGE",802,"Current","NJ",0.311696541527985,"Will Charge off"
"524",40000,40000," 60 months",5.2614327438482,"E","E5","MORTGAGE",7885,"Current","MD",0.384887241118709,"Will Charge off"
"525",12000,12000," 60 months",4.00108953904806,"D","D4","MORTGAGE",7885,"Current","NV",0.475796482785034,"Will Charge off"
"526",11300,11300," 36 months",6.17968279305973,"G","G3","OWN",3177,"Current","AR",0.387277457006,"Will Charge off"
"527",12000,12000," 60 months",3.80703669640423,"D","D3","MORTGAGE",7510,"Current","KY",0.495469463168495,"Will Charge off"
"528",12000,12000," 60 months",3.80703669640423,"D","D3","MORTGAGE",5652,"Current","OR",0.495469463168495,"Will Charge off"
"529",10500,10500," 60 months",5.16540659491104,"E","E4","RENT",2023,"Current","NY",0.355654274671002,"Will Charge off"
"530",10000,10000," 60 months",3.41893101111657,"D","D1","RENT",4192,"Current","CA",0.493753571428183,"Will Charge off"
"531",24000,24000," 60 months",4.29116853062904,"D","D5","MORTGAGE",6170,"Current","GA",0.446546424241408,"Will Charge off"
"532",21000,21000," 60 months",5.2614327438482,"E","E5","MORTGAGE",7885,"Current","NJ",0.384887241118709,"Will Charge off"
"533",40000,40000," 60 months",4.29116853062904,"D","D5","OWN",8537,"Current","TX",0.431692465863525,"Will Charge off"
"534",25000,25000," 60 months",5.16540659491104,"E","E4","OWN",2677,"Current","PA",0.379848249521375,"Will Charge off"
"535",2825,2825," 36 months",5.2614327438482,"E","E5","RENT",4268,"Current","NC",0.46427163504025,"Will Charge off"
"536",20000,20000," 60 months",5.2614327438482,"E","E5","MORTGAGE",4793,"Current","VA",0.384887241118709,"Will Charge off"
"537",21775,21775," 60 months",3.80703669640423,"D","D3","MORTGAGE",1199,"Current","MD",0.495469463168495,"Will Charge off"
"538",16000,16000," 36 months",6.18968551690735,"G","G4","RENT",3608,"Current","NJ",0.361948995286979,"Will Charge off"
"539",20000,20000," 60 months",4.00108953904806,"D","D4","MORTGAGE",7002,"Current","DE",0.475796482785034,"Will Charge off"
"540",10000,10000," 60 months",5.2614327438482,"E","E5","MORTGAGE",3051,"Current","MN",0.384887241118709,"Will Charge off"
"541",22000,22000," 60 months",4.29116853062904,"D","D5","RENT",4731,"Current","AZ",0.406360103380341,"Will Charge off"
"542",18200,18200," 60 months",6.035643569654,"F","F3","RENT",2,"Current","LA",0.269812129729538,"Will Charge off"
"543",21000,21000," 60 months",3.80703669640423,"D","D3","MORTGAGE",669,"Current","TX",0.495469463168495,"Will Charge off"
"544",13200,13200," 60 months",6.15967734536449,"G","G1","RENT",5690,"Current","AZ",0.260218955240479,"Will Charge off"
"545",16075,16075," 60 months",3.80703669640423,"D","D3","OWN",7510,"Current","TX",0.480400699420148,"Will Charge off"
"546",12800,12800," 60 months",3.41893101111657,"D","D1","RENT",7095,"Current","NC",0.493753571428183,"Will Charge off"
"547",35000,35000," 60 months",4.00108953904806,"D","D4","OWN",726,"Current","TX",0.460779602715546,"Will Charge off"
"548",24175,24175," 60 months",6.19968824075497,"G","G5","MORTGAGE",7728,"Current","IL",0.289734713393069,"Will Charge off"
"549",12600,12600," 60 months",3.41893101111657,"D","D1","RENT",7422,"Current","NC",0.493753571428183,"Will Charge off"
"550",21000,21000," 60 months",3.41893101111657,"D","D1","RENT",4506,"Current","FL",0.493753571428183,"Will Charge off"
"551",10000,10000," 36 months",6.19968824075497,"G","G5","RENT",2822,"Current","NC",0.361011860134483,"Will Charge off"
"552",15000,15000," 60 months",3.6129838537604,"D","D2","RENT",6634,"Current","NY",0.474084702386429,"Will Charge off"
"553",19350,19350," 60 months",4.00108953904806,"D","D4","MORTGAGE",603,"Current","NV",0.475796482785034,"Will Charge off"
"554",21000,21000," 60 months",5.16540659491104,"E","E4","MORTGAGE",2358,"Current","OK",0.394155553241528,"Will Charge off"
"555",24350,24350," 60 months",5.2614327438482,"E","E5","RENT",5970,"Current","MA",0.346773101083492,"Will Charge off"
"556",14400,14400," 60 months",4.00108953904806,"D","D4","MORTGAGE",8834,"Current","IL",0.475796482785034,"Will Charge off"
"557",12000,12000," 60 months",5.2614327438482,"E","E5","MORTGAGE",7885,"Current","WA",0.384887241118709,"Will Charge off"
"558",3625,3625," 36 months",6.15167516628639,"F","F5","OWN",4506,"Current","GA",0.389719008627706,"Will Charge off"
"559",7000,7000," 36 months",6.035643569654,"F","F3","MORTGAGE",3449,"Current","IN",0.415546944688062,"Will Charge off"
"560",24000,24000," 60 months",6.035643569654,"F","F3","MORTGAGE",1114,"Current","FL",0.303396197560411,"Will Charge off"
"561",12000,12000," 60 months",3.80703669640423,"D","D3","RENT",6346,"Current","TX",0.454495927553143,"Will Charge off"
"562",15000,15000," 36 months",6.19968824075497,"G","G5","MORTGAGE",7390,"Current","SC",0.399733317635255,"Will Charge off"
"563",14700,14700," 60 months",5.2614327438482,"E","E5","MORTGAGE",8875,"Current","AL",0.384887241118709,"Will Charge off"
"564",16625,16625," 60 months",5.74556457807301,"F","F1","MORTGAGE",6,"Current","NJ",0.328840811550522,"Will Charge off"
"565",30000,30000," 36 months",6.15967734536449,"G","G1","OWN",4854,"Current","AZ",0.389206113151711,"Will Charge off"
"566",18000,18000," 60 months",3.6129838537604,"D","D2","RENT",145,"Current","NY",0.474084702386429,"Will Charge off"
"567",10000,10000," 60 months",5.16540659491104,"E","E4","MORTGAGE",4506,"Current","MI",0.394155553241528,"Will Charge off"
"568",25000,25000," 36 months",4.97135375226721,"E","E3","RENT",329,"Current","FL",0.493647157295125,"Will Charge off"
"569",7200,7200," 36 months",5.2614327438482,"E","E5","RENT",2822,"Current","SD",0.46427163504025,"Will Charge off"
"570",18000,18000," 60 months",4.00108953904806,"D","D4","RENT",5758,"Current","MD",0.435047000376303,"Will Charge off"
"571",14000,14000," 60 months",3.6129838537604,"D","D2","RENT",8226,"Current","AZ",0.474084702386429,"Will Charge off"
"572",11200,11200," 60 months",5.16540659491104,"E","E4","RENT",2822,"Current","VA",0.355654274671002,"Will Charge off"
"573",40000,40000," 60 months",5.2614327438482,"E","E5","MORTGAGE",1151,"Current","IL",0.384887241118709,"Will Charge off"
"574",7000,7000," 36 months",5.93961742071684,"F","F2","MORTGAGE",3351,"Current","OH",0.425043392105727,"Will Charge off"
"575",12000,12000," 60 months",5.16540659491104,"E","E4","OWN",6170,"Current","FL",0.379848249521375,"Will Charge off"
"576",10400,10400," 60 months",6.035643569654,"F","F3","MORTGAGE",3892,"Current","FL",0.303396197560411,"Will Charge off"
"577",30000,30000," 60 months",4.29116853062904,"D","D5","OWN",7885,"Current","NM",0.431692465863525,"Will Charge off"
"578",31200,31200," 36 months",5.2614327438482,"E","E5","RENT",6634,"Current","NJ",0.46427163504025,"Will Charge off"
"579",5000,5000," 36 months",5.16540659491104,"E","E4","RENT",6170,"Current","NY",0.473978558448041,"Will Charge off"
"580",11450,11450," 60 months",5.93961742071684,"F","F2","RENT",5430,"Current","OH",0.277559769101882,"Will Charge off"
"581",15000,15000," 60 months",3.6129838537604,"D","D2","RENT",669,"Current","AZ",0.474084702386429,"Will Charge off"
"582",28000,28000," 60 months",5.2614327438482,"E","E5","MORTGAGE",2624,"Current","CA",0.384887241118709,"Will Charge off"
"583",19000,19000," 60 months",4.00108953904806,"D","D4","MORTGAGE",8492,"Current","IL",0.475796482785034,"Will Charge off"
"584",35000,35000," 60 months",4.00108953904806,"D","D4","RENT",383,"Current","CA",0.435047000376303,"Will Charge off"
"585",25600,25600," 60 months",3.80703669640423,"D","D3","MORTGAGE",8098,"Current","PA",0.495469463168495,"Will Charge off"
"586",19000,19000," 60 months",4.29116853062904,"D","D5","RENT",7216,"Current","IL",0.406360103380341,"Will Charge off"
"587",25000,25000," 60 months",5.2614327438482,"E","E5","MORTGAGE",7510,"Current","CA",0.384887241118709,"Will Charge off"
"588",35000,35000," 36 months",5.93961742071684,"F","F2","RENT",3324,"Current","CA",0.385444510349813,"Will Charge off"
"589",10000,10000," 60 months",6.18968551690735,"G","G4","RENT",8147,"Current","FL",0.257881007138511,"Will Charge off"
"590",35000,35000," 60 months",5.2614327438482,"E","E5","MORTGAGE",669,"Current","FL",0.384887241118709,"Will Charge off"
"591",10000,10000," 36 months",5.93961742071684,"F","F2","OWN",4143,"Current","AL",0.41037434810542,"Will Charge off"
"592",13425,13425," 36 months",5.93961742071684,"F","F2","RENT",4120,"Current","KS",0.385444510349813,"Will Charge off"
"593",31200,31200," 36 months",5.16540659491104,"E","E4","RENT",956,"Current","VA",0.473978558448041,"Will Charge off"
"594",18000,18000," 60 months",3.80703669640423,"D","D3","MORTGAGE",8940,"Current","TX",0.495469463168495,"Will Charge off"
"595",11000,11000," 60 months",3.80703669640423,"D","D3","RENT",3446,"Current","VA",0.454495927553143,"Will Charge off"
"596",20000,20000," 36 months",5.2614327438482,"E","E5","RENT",669,"Current","CA",0.46427163504025,"Will Charge off"
"597",10450,10450," 60 months",6.16968006921211,"G","G2","RENT",4076,"Current","NE",0.259438114721886,"Will Charge off"
"598",25000,25000," 60 months",4.97135375226721,"E","E3","OWN",8662,"Current","FL",0.398570428046203,"Will Charge off"
"599",18000,18000," 60 months",5.93961742071684,"F","F2","MORTGAGE",3351,"Current","IL",0.311696541527985,"Will Charge off"
"600",25000,25000," 60 months",4.29116853062904,"D","D5","MORTGAGE",8226,"Current","CT",0.446546424241408,"Will Charge off"
"601",10000,10000," 60 months",3.80703669640423,"D","D3","MORTGAGE",7728,"Current","MO",0.495469463168495,"Will Charge off"
"602",14000,14000," 60 months",4.29116853062904,"D","D5","RENT",2623,"Current","OK",0.406360103380341,"Will Charge off"
"603",24000,24000," 60 months",3.80703669640423,"D","D3","MORTGAGE",8552,"Current","ND",0.495469463168495,"Will Charge off"
"604",16000,16000," 60 months",3.80703669640423,"D","D3","RENT",1016,"Current","NY",0.454495927553143,"Will Charge off"
"605",13400,13400," 60 months",6.13166971859115,"F","F4","MORTGAGE",140,"Current","CA",0.295222083630292,"Will Charge off"
"606",20000,20000," 60 months",3.80703669640423,"D","D3","OWN",4506,"Current","OH",0.480400699420148,"Will Charge off"
"607",5000,5000," 36 months",5.16540659491104,"E","E4","RENT",2269,"Current","AZ",0.473978558448041,"Will Charge off"
"608",10500,10500," 60 months",6.035643569654,"F","F3","RENT",6063,"Current","TX",0.269812129729538,"Will Charge off"
"609",25000,25000," 60 months",4.29116853062904,"D","D5","MORTGAGE",1283,"Current","NY",0.446546424241408,"Will Charge off"
"610",20000,20000," 60 months",4.29116853062904,"D","D5","MORTGAGE",920,"Current","FL",0.446546424241408,"Will Charge off"
"611",16000,16000," 60 months",5.2614327438482,"E","E5","MORTGAGE",6318,"Current","NC",0.384887241118709,"Will Charge off"
"612",30000,30000," 60 months",4.00108953904806,"D","D4","MORTGAGE",7690,"Current","TX",0.475796482785034,"Will Charge off"
